genome,completeness,contamination
PATRIC_2026720.124_Saccharibacteria_44.fna,100.0,16.27906976744186
NCBI_GCA013368515.1_Gracilibacteria_24.fna,100.0,0.0
NCBI_GCA013268835.1_Gracilibacteria_36.fna,100.0,0.0
Mehrshad2020_Modernmarineglassbiofilm.mb.158_Bacteria_47.fna,100.0,0.0
Mehrshad2020_Modernmarine.mb.163_Bacteria_47.fna,100.0,0.0
IMG_2236661024_Saccharibacteria_39.fna,100.0,100.0
GTDB_GCA004297735.1_Saccharibacteria_52.fna,100.0,0.0
GTDB_GCA002422305.1_Gracilibacteria_21.fna,100.0,0.0
Campanaro2020_METABATAS15tlH2ME34_Saccharibacteria_44.fna,100.0,16.27906976744186
zodeltone_water_Bacteria_maybe_BD1-5_23_2301.fna,97.67441860465115,0.0
alan_book_18_Saccharibacteria-like_48_71.fna,97.67441860465115,0.0
UBA6223.fna,97.67441860465115,2.3255813953488373
UBA1944.fna,97.67441860465115,2.3255813953488373
UBA1594.fna,97.67441860465115,0.0
SR2-18-Sp2_coassembly_Candidatus_Saccharibacteria_48_6.fna,97.67441860465115,0.0
RL11_Saccharibacteria_56_12.fna,97.67441860465115,0.0
RIFCSPHIGHO2_12_FULL_Saccharibacteria_44_22.fna,97.67441860465115,0.0
RIFCSPHIGHO2_01_FULL_Saccharibacteria_46_30.fna,97.67441860465115,0.0
RIFCSPHIGHO2_01_FULL_Saccharibacteria_45_15.fna,97.67441860465115,0.0
QS_5_TM7_54_17.fna,97.67441860465115,0.0
PATRIC_713059.9_Saccharibacteria_50.fna,97.67441860465115,0.0
PATRIC_713059.8_Saccharibacteria_51.fna,97.67441860465115,0.0
PATRIC_713059.7_Saccharibacteria_51.fna,97.67441860465115,0.0
PATRIC_713059.6_Saccharibacteria_47.fna,97.67441860465115,2.3255813953488373
PATRIC_713059.5_Saccharibacteria_47.fna,97.67441860465115,2.3255813953488373
PATRIC_713059.4_Saccharibacteria_51.fna,97.67441860465115,0.0
PATRIC_713059.3_Saccharibacteria_51.fna,97.67441860465115,0.0
PATRIC_713059.11_Saccharibacteria_51.fna,97.67441860465115,0.0
PATRIC_713059.10_Saccharibacteria_51.fna,97.67441860465115,0.0
PATRIC_713049.4_Saccharibacteria_48.fna,97.67441860465115,4.651162790697675
PATRIC_2699183.3_Saccharibacteria_47.fna,97.67441860465115,4.651162790697675
PATRIC_2699182.3_Saccharibacteria_51.fna,97.67441860465115,0.0
PATRIC_2699181.3_Saccharibacteria_47.fna,97.67441860465115,2.3255813953488373
PATRIC_2699178.3_Saccharibacteria_51.fna,97.67441860465115,0.0
PATRIC_2572089.3_Saccharibacteria_44.fna,97.67441860465115,0.0
PATRIC_2572088.3_Saccharibacteria_48.fna,97.67441860465115,0.0
PATRIC_2572087.3_Saccharibacteria_47.fna,97.67441860465115,2.3255813953488373
PATRIC_2044595.33_Gracilibacteria_26.fna,97.67441860465115,2.3255813953488373
PATRIC_2044595.12_Gracilibacteria_35.fna,97.67441860465115,0.0
PATRIC_2026720.94_Saccharibacteria_48.fna,97.67441860465115,0.0
PATRIC_2026720.27_Saccharibacteria_51.fna,97.67441860465115,0.0
PATRIC_2026720.22_Saccharibacteria_51.fna,97.67441860465115,0.0
PATRIC_1953351.3_Saccharibacteria_52.fna,97.67441860465115,0.0
PATRIC_1953337.3_Saccharibacteria_45.fna,97.67441860465115,2.3255813953488373
PATRIC_1862133.3_Gracilibacteria_29.fna,97.67441860465115,0.0
PATRIC_1805210.18_Gracilibacteria_38.fna,97.67441860465115,0.0
PATRIC_1540872.6_Gracilibacteria_25.fna,97.67441860465115,0.0
PATRIC_1476577.3_Saccharibacteria_44.fna,97.67441860465115,0.0
PATRIC_1332188.3_Saccharibacteria_49.fna,97.67441860465115,0.0
NCBI_GCA903837875.1_Saccharibacteria_34.fna,97.67441860465115,0.0
NCBI_GCA900757685.1_Saccharibacteria_43.fna,97.67441860465115,0.0
NCBI_GCA014377305.1_Gracilibacteria_42.fna,97.67441860465115,0.0
NCBI_GCA013816445.1_Saccharibacteria_40.fna,97.67441860465115,0.0
NCBI_GCA013350265.1_Gracilibacteria_26.fna,97.67441860465115,4.651162790697675
NCBI_GCA013333815.2_Saccharibacteria_38.fna,97.67441860465115,0.0
NCBI_GCA013333675.2_Saccharibacteria_49.fna,97.67441860465115,0.0
NCBI_GCA013333495.2_Saccharibacteria_49.fna,97.67441860465115,2.3255813953488373
NCBI_GCA013333485.2_Saccharibacteria_47.fna,97.67441860465115,4.651162790697675
NCBI_GCA013333055.2_Saccharibacteria_38.fna,97.67441860465115,0.0
NCBI_GCA013332525.2_Gracilibacteria_37.fna,97.67441860465115,0.0
Lui2020_SRX3348993bin93_Saccharibacteria_51.fna,97.67441860465115,0.0
Lui2020_SRX1775577bin36_Gracilibacteria_43.fna,97.67441860465115,0.0
Lui2020_SRX1775573bin5_Gracilibacteria_43.fna,97.67441860465115,0.0
IMG_2708742945_Saccharibacteria_45.fna,97.67441860465115,0.0
IMG_2516143109_Saccharibacteria_49.fna,97.67441860465115,0.0
IMG_2515154040_Saccharibacteria_53.fna,97.67441860465115,2.3255813953488373
IMG_2514885013_Saccharibacteria_49.fna,97.67441860465115,0.0
GTDB_GCA900556165.1_Saccharibacteria_36.fna,97.67441860465115,0.0
GTDB_GCA004561445.1_Saccharibacteria_44.fna,97.67441860465115,0.0
GTDB_GCA002470645.1_Gracilibacteria_26.fna,97.67441860465115,0.0
GTDB_GCA002435385.1_Gracilibacteria_27.fna,97.67441860465115,0.0
GTDB_GCA002415345.1_Saccharibacteria_55.fna,97.67441860465115,0.0
GTDB_GCA002405355.1_Saccharibacteria_55.fna,97.67441860465115,0.0
DOLJORAL78_TM7_51_182.fna,97.67441860465115,0.0
Candidatus_Saccharibacteria_bacterium_RIFCSPHIGHO2_12_FULL_44_22.fna,97.67441860465115,0.0
Candidatus_Saccharibacteria_bacterium_RIFCSPHIGHO2_01_FULL_46_30.fna,97.67441860465115,0.0
Candidatus_Saccharibacteria_bacterium_RIFCSPHIGHO2_01_FULL_45_15.fna,97.67441860465115,0.0
CG19_WC_8_21_14_NA_150_Candidatus_Saccharibacteria_51_44.fna,97.67441860465115,0.0
CG19_WC_8_21_14_NA_150_Candidatus_Saccharibacteria_47_15.fna,97.67441860465115,0.0
CG17_big_fil_post_rev_8_21_14_2_50_Gracilibacteria_48_13_curated.fna,97.67441860465115,4.651162790697675
Bandla2020_GLV1604359_Saccharibacteria_54.fna,97.67441860465115,0.0
BD02T64_GN02_29_42.fna,97.67441860465115,0.0
BD02T64_BD1-5.fna,97.67441860465115,0.0
Almeida2020_MGYGHGUT04568_Saccharibacteria_45.fna,97.67441860465115,0.0
Almeida2020_MGYGHGUT02951_Saccharibacteria_35.fna,97.67441860465115,0.0
Almeida2020_MGYGHGUT01620_Saccharibacteria_36.fna,97.67441860465115,0.0
ALUMROCK_MS4_BD1-5_24_33_curated.fna,97.67441860465115,2.3255813953488373
ALUMROCK_MS4_BD1-5_23_16_curated.fna,97.67441860465115,0.0
04302015_32_Saccharibacteria_50_13.fna,97.67441860465115,4.651162790697675
ig12093_Saccharibacteria_40_354.fna,95.34883720930233,0.0
ig12092_Candidatus_Saccharibacteria_40_19.fna,95.34883720930233,0.0
YM_S32_TM7_50_20_curated.fna,95.34883720930233,0.0
UBA6824.fna,95.34883720930233,0.0
UBA6664.fna,95.34883720930233,0.0
UBA6579.fna,95.34883720930233,0.0
UBA6573.fna,95.34883720930233,0.0
UBA6572.fna,95.34883720930233,0.0
UBA6209.fna,95.34883720930233,0.0
UBA5589.fna,95.34883720930233,0.0
UBA5145.fna,95.34883720930233,0.0
UBA4215.fna,95.34883720930233,0.0
UBA2951.fna,95.34883720930233,0.0
UBA2413.fna,95.34883720930233,0.0
UBA2390.fna,95.34883720930233,0.0
UBA2340.fna,95.34883720930233,0.0
UBA2112.fna,95.34883720930233,0.0
UBA2018.fna,95.34883720930233,0.0
UBA1050.fna,95.34883720930233,0.0
U2c2_Saccharibacteria_49_12.fna,95.34883720930233,0.0
U2c2_Saccharibacteria_47_15.fna,95.34883720930233,0.0
Shaiber2020_ORALPBMMAG00013_Saccharibacteria_48.fna,95.34883720930233,0.0
Sage2_L_80_16_Saccharibacteria_181.fna,95.34883720930233,0.0
SRR8890831_Candidatus_Saccharibacteria_42_35.fna,95.34883720930233,0.0
SM_S39_TM7_50_16.fna,95.34883720930233,0.0
RIFCSPHIGHO2_12_FULL_Saccharibacteria_47_16.fna,95.34883720930233,0.0
RIFCSPHIGHO2_02_FULL_Saccharibacteria_46_12.fna,95.34883720930233,0.0
RAAC3_TM7.fna,95.34883720930233,0.0
PATRIC_671231.5_Saccharibacteria_40.fna,95.34883720930233,0.0
PATRIC_2699180.3_Saccharibacteria_51.fna,95.34883720930233,0.0
PATRIC_2699179.3_Saccharibacteria_51.fna,95.34883720930233,0.0
PATRIC_2080849.3_Saccharibacteria_32.fna,95.34883720930233,0.0
PATRIC_2080847.3_Saccharibacteria_43.fna,95.34883720930233,0.0
PATRIC_2080846.3_Saccharibacteria_51.fna,95.34883720930233,0.0
PATRIC_2044595.18_Gracilibacteria_25.fna,95.34883720930233,83.72093023255815
PATRIC_2026720.85_Saccharibacteria_48.fna,95.34883720930233,0.0
PATRIC_2026720.84_Saccharibacteria_43.fna,95.34883720930233,0.0
PATRIC_2026720.26_Saccharibacteria_46.fna,95.34883720930233,0.0
PATRIC_2026720.17_Saccharibacteria_43.fna,95.34883720930233,0.0
PATRIC_2026720.16_Saccharibacteria_40.fna,95.34883720930233,0.0
PATRIC_2026720.15_Saccharibacteria_48.fna,95.34883720930233,0.0
PATRIC_2026720.127_Saccharibacteria_48.fna,95.34883720930233,0.0
PATRIC_2026720.126_Saccharibacteria_43.fna,95.34883720930233,0.0
PATRIC_2026720.118_Saccharibacteria_42.fna,95.34883720930233,0.0
PATRIC_2026720.116_Saccharibacteria_46.fna,95.34883720930233,37.2093023255814
PATRIC_2026720.115_Saccharibacteria_42.fna,95.34883720930233,0.0
PATRIC_2026720.114_Saccharibacteria_45.fna,95.34883720930233,2.3255813953488373
PATRIC_2026720.113_Saccharibacteria_43.fna,95.34883720930233,0.0
PATRIC_2026720.101_Saccharibacteria_49.fna,95.34883720930233,2.3255813953488373
PATRIC_1974579.4_Gracilibacteria_38.fna,95.34883720930233,0.0
PATRIC_1953377.3_Saccharibacteria_50.fna,95.34883720930233,0.0
PATRIC_1953369.3_Saccharibacteria_51.fna,95.34883720930233,0.0
PATRIC_1953356.3_Saccharibacteria_51.fna,95.34883720930233,0.0
PATRIC_1953350.3_Saccharibacteria_52.fna,95.34883720930233,0.0
PATRIC_1953341.3_Saccharibacteria_48.fna,95.34883720930233,0.0
PATRIC_1953338.3_Saccharibacteria_42.fna,95.34883720930233,0.0
PATRIC_1953331.3_Saccharibacteria_42.fna,95.34883720930233,0.0
PATRIC_1953323.3_Saccharibacteria_50.fna,95.34883720930233,0.0
PATRIC_1953313.3_Saccharibacteria_47.fna,95.34883720930233,0.0
PATRIC_1917697.5_Saccharibacteria_47.fna,95.34883720930233,72.09302325581395
PATRIC_1914866.3_Gracilibacteria_37.fna,95.34883720930233,0.0
PATRIC_1805211.18_Gracilibacteria_37.fna,95.34883720930233,0.0
NCBI_GCA903946795.1_Saccharibacteria_42.fna,95.34883720930233,0.0
NCBI_GCA903937695.1_Saccharibacteria_41.fna,93.02325581395348,2.3255813953488373
NCBI_GCA903900685.1_Saccharibacteria_35.fna,95.34883720930233,0.0
NCBI_GCA903894915.1_Saccharibacteria_37.fna,95.34883720930233,0.0
NCBI_GCA903859365.1_Saccharibacteria_40.fna,95.34883720930233,0.0
NCBI_GCA903859325.1_Saccharibacteria_37.fna,95.34883720930233,0.0
NCBI_GCA903856615.1_Saccharibacteria_37.fna,95.34883720930233,2.3255813953488373
NCBI_GCA903840315.1_Saccharibacteria_37.fna,95.34883720930233,0.0
NCBI_GCA903837565.1_Saccharibacteria_35.fna,95.34883720930233,4.651162790697675
NCBI_GCA903836325.1_Saccharibacteria_34.fna,95.34883720930233,0.0
NCBI_GCA903832815.1_Saccharibacteria_39.fna,95.34883720930233,0.0
NCBI_GCA903831735.1_Saccharibacteria_40.fna,95.34883720930233,0.0
NCBI_GCA903829335.1_Saccharibacteria_37.fna,95.34883720930233,0.0
NCBI_GCA903828465.1_Saccharibacteria_34.fna,95.34883720930233,0.0
NCBI_GCA903821315.1_Saccharibacteria_40.fna,95.34883720930233,0.0
NCBI_GCA014377345.1_Saccharibacteria_47.fna,95.34883720930233,0.0
NCBI_GCA013333645.2_Saccharibacteria_52.fna,95.34883720930233,0.0
NCBI_GCA013333625.2_Saccharibacteria_48.fna,95.34883720930233,0.0
NCBI_GCA013333155.2_Saccharibacteria_41.fna,95.34883720930233,0.0
NCBI_GCA013333135.2_Saccharibacteria_41.fna,95.34883720930233,0.0
NA05_Candidatus_Saccharibacteria_41_112.fna,95.34883720930233,0.0
NA04_Candidatus_Saccharibacteria_41_123.fna,95.34883720930233,0.0
NA03_Candidatus_Saccharibacteria_41_218.fna,95.34883720930233,0.0
NA02_Candidatus_Saccharibacteria_41_13.fna,95.34883720930233,0.0
NA01_Candidatus_Saccharibacteria_41_22.fna,95.34883720930233,0.0
Mehrshad2020_Modernmarineglassbiofilm.mb.19_Bacteria_38.fna,95.34883720930233,0.0
Lui2020_SRX3574179bin116_Saccharibacteria_46.fna,95.34883720930233,0.0
LAC_NA11_Candidatus_Saccharibacteria_41_18.fna,95.34883720930233,0.0
LAC_NA10_Candidatus_Saccharibacteria_41_376.fna,95.34883720930233,0.0
LAC_NA09_Candidatus_Saccharibacteria_41_28.fna,95.34883720930233,0.0
L2c1_Saccharibacteria_51_31.fna,95.34883720930233,0.0
L2c1_Candidatus_Saccharibacteria_49_10.fna,93.02325581395348,0.0
IMG_2747842438_Gracilibacteria_24.fna,95.34883720930233,0.0
IMG_2622736571_Saccharibacteria_47.fna,95.34883720930233,0.0
IMG_2622736560_Saccharibacteria_47.fna,95.34883720930233,0.0
IMG_2622736555_Saccharibacteria_50.fna,95.34883720930233,9.30232558139535
IMG_2622736552_Saccharibacteria_51.fna,95.34883720930233,0.0
IMG_2622736551_Saccharibacteria_51.fna,95.34883720930233,0.0
IMG_2622736549_Saccharibacteria_47.fna,95.34883720930233,4.651162790697675
IMG_2622736548_Saccharibacteria_47.fna,95.34883720930233,0.0
IMG_2619618928_Saccharibacteria_51.fna,95.34883720930233,0.0
IMG_2582580652_Saccharibacteria_41.fna,95.34883720930233,0.0
IMG_2514885014_Saccharibacteria_53.fna,95.34883720930233,0.0
H1c1_Saccharibacteria_51_67.fna,95.34883720930233,0.0
GWC2_TM7_44_17_curated.fna,95.34883720930233,0.0
GTDB_GCA002335145.1_Gracilibacteria_53.fna,95.34883720930233,0.0
GTDB_GCA002323075.1_Gracilibacteria_38.fna,95.34883720930233,0.0
E_GD2017-2_urea-3_S16_GE16_Biohub_170515_Saccharibacteria_42_38.fna,95.34883720930233,0.0
E_GD2017-2_urea-3_S16_GE16_Biohub_170515_Saccharibacteria_42_17.fna,95.34883720930233,0.0
ERR2889257_Saccharibacteria_45_320.fna,95.34883720930233,0.0
Candidatus_Saccharibacteria_bacterium_RIFCSPHIGHO2_12_FULL_47_16.fna,95.34883720930233,0.0
Campanaro2020_METABATAS4IglBPLE51_Saccharibacteria_51.fna,95.34883720930233,4.651162790697675
Campanaro2020_METABATAS08sgBPME207_Saccharibacteria_43.fna,95.34883720930233,0.0
Campanaro2020_METABATAS07pgkLD119_Saccharibacteria_39.fna,95.34883720930233,4.651162790697675
CG_4_9_14_0_2_um_filter_Saccharibacteria_TM7_41_9_curated.fna,95.34883720930233,0.0
CG_4_9_14_0_2_um_filter_CG_TM7_01_41_9.fna,95.34883720930233,2.3255813953488373
CG_2015-19_TM7_Saccharibacteria_41_10.fna,95.34883720930233,0.0
CG_2015-13_Gracilibacteria_32_15_curated.fna,95.34883720930233,0.0
CG2_30_FULL_TM7_41_89.fna,95.34883720930233,0.0
CG2_30_FULL_Saccharibacteria_TM7_41_52_curated.fna,95.34883720930233,0.0
CG22_combo_CG10-13_8_21_14_all_CG_TM7_01_41_11_Intersect_abawaca_164_maxbin2_output_138.fna,95.34883720930233,0.0
CG18_big_fil_WC_8_21_14_2_50_CG_GN02_01_38_16.fna,95.34883720930233,0.0
CG13_big_fil_rev_8_21_14_2_50_CG_GN02_01_38_23__CG13_big_fil_rev_8_21_14_2_50_CG_BD1-5_01_38_23.fna,95.34883720930233,0.0
CG11_big_fil_rev_8_21_14_0_20_Saccharibacteria_TM7_41_19_curated.fna,95.34883720930233,0.0
CG11_big_fil_rev_8_21_14_0_20_CG_TM7_01_41_19.fna,95.34883720930233,0.0
Bandla2020_GLV1604358_Saccharibacteria_51.fna,95.34883720930233,0.0
Bandla2020_GLV1604356_Saccharibacteria_54.fna,95.34883720930233,4.651162790697675
Bandla2020_GLV1604354_Saccharibacteria_53.fna,95.34883720930233,0.0
Bandla2020_GLV1604353_Saccharibacteria_50.fna,95.34883720930233,0.0
BJP_IG3397_TM7_40_1951.fna,95.34883720930233,0.0
BJP_IG2103_TM7_39_1400_curated.fna,95.34883720930233,0.0
BJP_IG2103_SUB100_TM7_40_14.fna,95.34883720930233,0.0
BJP_08E140C01_Saccharibacteria_40_270.fna,95.34883720930233,0.0
AWTP-2_inf_bulk_2_Saccharibacteria_41_95.fna,95.34883720930233,0.0
AWTP-2_BAC_bulk_4_Candidatus_Saccharibacteria_48_19.fna,95.34883720930233,0.0
AR_2015_2-01_BD1-5_23_23_curated.fna,95.34883720930233,0.0
AR_2015_1-01_BD1-5_23_19_curated.fna,95.34883720930233,0.0
ALUMROCK_MS4_SR1_33_49_curated.fna,95.34883720930233,4.651162790697675
ACD49.fna,95.34883720930233,0.0
09V250M02_2016_bjp_ig8144_Candidatus_Saccharibacteria_40_16.fna,95.34883720930233,0.0
08E140C01_Z5_2013_IG3399_TM7_40_176.fna,95.34883720930233,0.0
wastewater_Gracilibacteria_37_1_curated.fna,93.02325581395348,0.0
viral-cat_Candidatus_Saccharibacteria_48_13.fna,93.02325581395348,0.0
scnpilot_dereplicated_TM7_2.fna,93.02325581395348,0.0
scnpilot_dereplicated_TM7_1.fna,93.02325581395348,0.0
baboon_AMB_020_Saccharibacteria_TM7_48_291.fna,93.02325581395348,0.0
baboon_AMB_005_Candidatus_Saccharibacteria_48_384.fna,93.02325581395348,0.0
Zodletone_Water_assembly2018_Candidatus_Saccharibacteria_43_23.fna,93.02325581395348,0.0
UBA6258.fna,93.02325581395348,2.3255813953488373
UBA6224.fna,93.02325581395348,0.0
UBA6175.fna,93.02325581395348,4.651162790697675
UBA6039.fna,93.02325581395348,0.0
UBA5588.fna,93.02325581395348,0.0
UBA4721.fna,93.02325581395348,0.0
UBA2420.fna,93.02325581395348,0.0
UBA2342.fna,93.02325581395348,0.0
UBA1932.fna,93.02325581395348,2.3255813953488373
UBA1929.fna,93.02325581395348,0.0
UBA1022.fna,93.02325581395348,2.3255813953488373
U2c1_metabat_bin_53_sub.fna,93.02325581395348,0.0
TERM1_SALIVA_Absconditabacteria_SR1_36_29_table25.fna,93.02325581395348,2.3255813953488373
Shaiber2020_ORALPCFMAG00004_Saccharibacteria_38.fna,93.02325581395348,0.0
Shaiber2020_ORALPAFMAG00010_Absconditabacteria_36.fna,93.02325581395348,0.0
Sage2_L_20_16_Saccharibacteria_52_7.fna,93.02325581395348,0.0
S_p1_S3_coassembly_Candidatus_Saccharibacteria_47_255.fna,93.02325581395348,0.0
S_p1_S3_coassembly_Candidatus_Saccharibacteria_46_180.fna,93.02325581395348,0.0
S_2p5_S6_coassembly_Candidatus_Saccharibacteria_46_73.fna,93.02325581395348,9.30232558139535
SCNpilot_P_inoc_TM7_49_32.fna,93.02325581395348,0.0
SCNpilot_BF_INOC_TM7_49_20.fna,93.02325581395348,93.02325581395348
SCNPILOT_EXPT_750_P_TM7_49_250.fna,93.02325581395348,0.0
SCNPILOT_EXPT_750_P_TM7_45_91.fna,93.02325581395348,0.0
SCNPILOT_EXPT_750_BF_TM7_47_9.fna,93.02325581395348,0.0
SCNPILOT_EXPT_300_BF_TM7_50_19.fna,93.02325581395348,0.0
SCNPILOT_EXPT_300_BF_TM7_46_24.fna,93.02325581395348,0.0
SCNPILOT_CONT_750_P_TM7_47_87.fna,93.02325581395348,0.0
SCNPILOT_CONT_500_P_TM7_47_87.fna,93.02325581395348,93.02325581395348
SCNPILOT_CONT_300_BF_TM7_49_69.fna,93.02325581395348,0.0
SCNPILOT_CONT_300_BF_TM7_46_267.fna,93.02325581395348,0.0
SCN18_31_3_15_R4_B_Saccharibacteria_TM7_47_19.fna,93.02325581395348,0.0
SCN18_31_3_15_R2_B_Saccharibacteria_TM7_47_105.fna,93.02325581395348,0.0
SCN18_31_3_15_R1_B_Probably_TM7_47_44.fna,93.02325581395348,0.0
SCN18_26_2_15_R3_P_Saccharibacteria_TM7_47_169.fna,93.02325581395348,0.0
SCN18_26_2_15_R3_B_Saccharibacteria_TM7_47_55.fna,93.02325581395348,0.0
SCN18_26_2_15_R2_P_Saccharibacteria_TM7_47_1048.fna,93.02325581395348,0.0
SCN18_26_2_15_R2_B_Saccharibacteria_TM7_47_68.fna,93.02325581395348,0.0
SCN18_26_2_15_R1_F_Saccharibacteria_TM7_47_367.fna,93.02325581395348,0.0
SCN18_26_2_15_R1_B_Saccharibacteria_TM7_47_102.fna,93.02325581395348,0.0
SCN18_25_8_15_R5_B_Saccharibacteria_TM7_47_19.fna,93.02325581395348,2.3255813953488373
SCN18_25_8_15_R4_B_Saccharibacteria_TM7_47_78.fna,93.02325581395348,0.0
SCN18_25_8_15_R2_B_Saccharibacteria_TM7_47_57.fna,93.02325581395348,0.0
SCN18_25_1_16_R2_B_Saccharibacteria_TM7_47_48.fna,93.02325581395348,0.0
SCN18_25_1_16_R1_B_Saccharibacteria_TM7_47_17.fna,93.02325581395348,0.0
SCN18_14_9_16_R2_B_Saccharibacteria_TM7_47_43.fna,93.02325581395348,0.0
SCN18_10_11_15_R1_P_Saccharibacteria_TM7_47_523.fna,93.02325581395348,0.0
SCN18_10_11_15_R1_B_Saccharibacteria_TM7_47_12.fna,93.02325581395348,0.0
S6_FULL_Saccharibacteria1_0p8.fna,93.02325581395348,2.3255813953488373
RifSed_csp2_10ft_2_Candidatus_Saccharibacteria_48_8.fna,93.02325581395348,0.0
RIFCSPHIGHO2_12_FULL_Saccharibacteria_49_19.fna,93.02325581395348,0.0
RIFCSPHIGHO2_12_FULL_Saccharibacteria_47_16b.fna,93.02325581395348,0.0
RIFCSPHIGHO2_12_FULL_Saccharibacteria_41_12.fna,93.02325581395348,0.0
PATRIC_713054.6_Saccharibacteria_43.fna,93.02325581395348,0.0
PATRIC_713054.3_Saccharibacteria_43.fna,93.02325581395348,0.0
PATRIC_2080845.3_Saccharibacteria_50.fna,93.02325581395348,0.0
PATRIC_2080739.3_Saccharibacteria_48.fna,93.02325581395348,0.0
PATRIC_2026720.99_Saccharibacteria_47.fna,93.02325581395348,0.0
PATRIC_2026720.98_Saccharibacteria_48.fna,93.02325581395348,0.0
PATRIC_2026720.96_Saccharibacteria_51.fna,93.02325581395348,0.0
PATRIC_2026720.93_Saccharibacteria_46.fna,93.02325581395348,0.0
PATRIC_2026720.92_Saccharibacteria_50.fna,93.02325581395348,0.0
PATRIC_2026720.91_Saccharibacteria_43.fna,93.02325581395348,0.0
PATRIC_2026720.81_Saccharibacteria_44.fna,93.02325581395348,2.3255813953488373
PATRIC_2026720.79_Saccharibacteria_47.fna,93.02325581395348,0.0
PATRIC_2026720.78_Saccharibacteria_45.fna,93.02325581395348,2.3255813953488373
PATRIC_2026720.77_Saccharibacteria_44.fna,93.02325581395348,2.3255813953488373
PATRIC_2026720.73_Saccharibacteria_44.fna,93.02325581395348,2.3255813953488373
PATRIC_2026720.70_Saccharibacteria_43.fna,93.02325581395348,0.0
PATRIC_2026720.6_Saccharibacteria_51.fna,93.02325581395348,23.25581395348837
PATRIC_2026720.68_Saccharibacteria_43.fna,93.02325581395348,0.0
PATRIC_2026720.38_Saccharibacteria_44.fna,93.02325581395348,0.0
PATRIC_2026720.153_Saccharibacteria_43.fna,93.02325581395348,0.0
PATRIC_2026720.119_Saccharibacteria_48.fna,93.02325581395348,20.930232558139537
PATRIC_1974581.4_Gracilibacteria_38.fna,93.02325581395348,0.0
PATRIC_1974577.4_Gracilibacteria_38.fna,93.02325581395348,0.0
PATRIC_1970479.3_Saccharibacteria_49.fna,93.02325581395348,83.72093023255815
PATRIC_1953361.3_Saccharibacteria_46.fna,93.02325581395348,0.0
PATRIC_1953355.3_Saccharibacteria_50.fna,93.02325581395348,0.0
PATRIC_1953346.3_Saccharibacteria_53.fna,93.02325581395348,0.0
PATRIC_1953344.3_Saccharibacteria_52.fna,93.02325581395348,0.0
PATRIC_1953334.3_Saccharibacteria_40.fna,93.02325581395348,0.0
PATRIC_1953315.3_Saccharibacteria_41.fna,93.02325581395348,0.0
PATRIC_1953314.3_Saccharibacteria_47.fna,93.02325581395348,0.0
PATRIC_1953312.3_Saccharibacteria_49.fna,93.02325581395348,2.3255813953488373
PATRIC_1912928.3_Gracilibacteria_25.fna,93.02325581395348,0.0
PATRIC_1293577.3_Absconditabacteria_36.fna,93.02325581395348,0.0
NCBI_GCA903920345.1_Saccharibacteria_39.fna,93.02325581395348,0.0
NCBI_GCA903918245.1_Saccharibacteria_37.fna,93.02325581395348,0.0
NCBI_GCA903909915.1_Saccharibacteria_35.fna,93.02325581395348,6.976744186046512
NCBI_GCA903877025.1_Saccharibacteria_37.fna,93.02325581395348,0.0
NCBI_GCA903847695.1_Saccharibacteria_34.fna,93.02325581395348,2.3255813953488373
NCBI_GCA903847025.1_Saccharibacteria_37.fna,93.02325581395348,0.0
NCBI_GCA014377525.1_Saccharibacteria_47.fna,93.02325581395348,0.0
NCBI_GCA014191035.1_Saccharibacteria_39.fna,93.02325581395348,0.0
NCBI_GCA013815775.1_Saccharibacteria_45.fna,93.02325581395348,0.0
NCBI_GCA013694995.1_Saccharibacteria_45.fna,93.02325581395348,0.0
NCBI_GCA013333915.2_Absconditabacteria_36.fna,93.02325581395348,0.0
NCBI_GCA013333755.2_Gracilibacteria_25.fna,93.02325581395348,0.0
NCBI_GCA013333595.2_Saccharibacteria_54.fna,93.02325581395348,0.0
NCBI_GCA013333575.2_Saccharibacteria_38.fna,93.02325581395348,0.0
NCBI_GCA013333515.2_Saccharibacteria_51.fna,93.02325581395348,0.0
NCBI_GCA013333375.2_Saccharibacteria_41.fna,93.02325581395348,0.0
Montesol18_Bp1_coassembly_Saccharibacteria_43_34.fna,93.02325581395348,0.0
M03_Saccharibacteria_47_29.fna,93.02325581395348,0.0
L2c1_concoct_92.fna,93.02325581395348,0.0
JBCH_GD18_4_SO65_S178_Candidatus_Saccharibacteria_47_15.fna,93.02325581395348,0.0
IMG_2703719128_Saccharibacteria_42.fna,93.02325581395348,0.0
IMG_2634166888_Gracilibacteria_26.fna,93.02325581395348,4.651162790697675
IMG_2619618929_Saccharibacteria_48.fna,93.02325581395348,13.953488372093023
IMG_2517572135_Absconditabacteria_36.fna,93.02325581395348,0.0
IG3397_SUB10_TM7_39_200.fna,93.02325581395348,0.0
H1c2_Saccharibacteria_51_9.fna,93.02325581395348,0.0
Genasci_Feb2018_S35_SO-1_Candidatus_Saccharibacteria_47_11.fna,93.02325581395348,2.3255813953488373
GWC2_TM7_48_9.fna,93.02325581395348,0.0
GTDB_GCA004100325.1_Saccharibacteria_46.fna,93.02325581395348,0.0
GTDB_GCA004100265.1_Saccharibacteria_55.fna,93.02325581395348,0.0
GD2017-2_S1_QB3_180125_Candidatus_Saccharibacteria_47_11.fna,93.02325581395348,0.0
FFV18_S2p5_Saccharibacteria_43_18.fna,93.02325581395348,0.0
F27_Saccharibacteria_47_107.fna,93.02325581395348,0.0
E_GD2017-2_strous-5-pellet_S19_GE19_Biohub_170515_Saccharibacteria_42_10.fna,93.02325581395348,0.0
DOLZORAL124_TM7_54_13_A.fna,93.02325581395348,6.976744186046512
Candidatus_Saccharibacteria_bacterium_RIFCSPHIGHO2_12_FULL_49_19.fna,93.02325581395348,0.0
Candidatus_Saccharibacteria_bacterium_RIFCSPHIGHO2_12_FULL_47_16b.fna,93.02325581395348,0.0
Candidatus_Saccharibacteria_bacterium_RIFCSPHIGHO2_12_FULL_41_12.fna,93.02325581395348,0.0
Candidatus_Saccharibacteria_bacterium_RIFCSPHIGHO2_02_FULL_46_12.fna,93.02325581395348,0.0
CG_4_10_14_0_2_um_filter_Saccharibacteria_TM7_41_11_curated.fna,93.02325581395348,0.0
CG_4_10_14_0_2_um_filter_CG_TM7_01_41_11.fna,93.02325581395348,0.0
CG_2015-01t_Candidatus_Saccharibacteria_48_29_curated.fna,93.02325581395348,0.0
CG1_02_SUB10_Candidatus_Saccharibacteria_41_24_curated.fna,93.02325581395348,0.0
CG1_02_FULL_TM7_41_233_curated.fna,93.02325581395348,0.0
CG10_big_fil_rev_8_21_14_0_10_Saccharibacteria_TM7_41_32_curated.fna,93.02325581395348,0.0
CG10_big_fil_rev_8_21_14_0_10_CG_TM7_01_41_32.fna,93.02325581395348,0.0
Bandla2020_GLV1604362_Saccharibacteria_49.fna,93.02325581395348,0.0
Bandla2020_GLV1604355_Saccharibacteria_46.fna,93.02325581395348,0.0
Bandla2020_GLV1604352_Saccharibacteria_52.fna,93.02325581395348,0.0
Bandla2020_GLV1604346_Saccharibacteria_50.fna,93.02325581395348,2.3255813953488373
BJP_IG2103_SUB10_TM7_39_140.fna,93.02325581395348,0.0
BJP_IG2102_TM7_40_180.fna,93.02325581395348,0.0
AWTP-2_BAC_bulk_4_Saccharibacteria_45_59.fna,93.02325581395348,0.0
AWTP-2_BAC_bulk_4_Candidatus_Saccharibacteria_46_20.fna,93.02325581395348,0.0
AWTP-2_BAC_bulk_4_Candidatus_Saccharibacteria_43_29.fna,93.02325581395348,0.0
AR_2015_2-065_BD1-5_24_8_curated.fna,93.02325581395348,0.0
AR_2015_1-01_Candidatus_Saccharibacteria_43_7_curated.fna,93.02325581395348,0.0
ALUMROCK_MS4_BD1-5_24_44_curated.fna,93.02325581395348,0.0
08E140C01_Z5_2013_IG3399_SUB10_TM7_39_17.fna,93.02325581395348,0.0
pig_ID_87_F57_Saccharibacteria_45_16.fna,90.69767441860465,0.0
baboon_AMB_011_Saccharibacteria_48_20.fna,90.69767441860465,0.0
UBA6040.fna,90.69767441860465,0.0
UBA5170.fna,90.69767441860465,0.0
UBA5150.fna,90.69767441860465,0.0
UBA4729.fna,90.69767441860465,0.0
UBA4727.fna,90.69767441860465,0.0
UBA1547.fna,90.69767441860465,0.0
U2c2_Saccharibacteria_45_43.fna,90.69767441860465,0.0
Shaiber2020_ORALTBMMAG00011_Saccharibacteria_41.fna,90.69767441860465,2.3255813953488373
Shaiber2019_TM7MAGIIIB1_Saccharibacteria_35.fna,90.69767441860465,0.0
Shaiber2019_TM7MAGIIIA1_Saccharibacteria_47.fna,90.69767441860465,0.0
Shaiber2019_GN02MAGIVB2_Gracilibacteria_25.fna,88.37209302325581,0.0
S_p2_S4_coassembly_Candidatus_Saccharibacteria_47_52.fna,90.69767441860465,0.0
SR2-17_Biohub_180515_Candidatus_Saccharibacteria_42_11.fna,90.69767441860465,0.0
SR1_RAAC1.fna,90.69767441860465,2.3255813953488373
SCNPILOT_EXPT_750_BF_TM7_49_9.fna,90.69767441860465,0.0
SCN18_30_10_14_R2_P_Saccharibacteria_TM7_47_10.fna,90.69767441860465,0.0
RifSed_csp2_10ft_1_Candidatus_Saccharibacteria_49_11.fna,90.69767441860465,0.0
RIFCSPHIGHO2_01_FULL_Saccharibacteria_49_21.fna,90.69767441860465,0.0
PRE3_SALIVA_Saccharibacteria_40_17.fna,90.69767441860465,0.0
PATRIC_2044595.35_Gracilibacteria_24.fna,90.69767441860465,0.0
PATRIC_2044595.22_Gracilibacteria_38.fna,90.69767441860465,0.0
PATRIC_2026720.69_Saccharibacteria_43.fna,90.69767441860465,0.0
PATRIC_2026720.37_Saccharibacteria_47.fna,90.69767441860465,2.3255813953488373
PATRIC_2026720.33_Saccharibacteria_45.fna,90.69767441860465,6.976744186046512
PATRIC_2026720.30_Saccharibacteria_50.fna,90.69767441860465,0.0
PATRIC_2026720.19_Saccharibacteria_38.fna,90.69767441860465,0.0
PATRIC_2026720.128_Saccharibacteria_44.fna,90.69767441860465,0.0
PATRIC_2026720.100_Saccharibacteria_56.fna,90.69767441860465,0.0
PATRIC_1986206.5_Saccharibacteria_48.fna,90.69767441860465,0.0
PATRIC_1953368.3_Saccharibacteria_47.fna,90.69767441860465,0.0
PATRIC_1953352.3_Saccharibacteria_54.fna,90.69767441860465,0.0
PATRIC_1953349.3_Saccharibacteria_52.fna,90.69767441860465,0.0
PATRIC_1953348.3_Saccharibacteria_49.fna,90.69767441860465,0.0
PATRIC_1917697.4_Saccharibacteria_35.fna,90.69767441860465,4.651162790697675
PATRIC_1540874.3_Absconditabacteria_38.fna,90.69767441860465,2.3255813953488373
NCBI_GCA903883035.1_Saccharibacteria_35.fna,90.69767441860465,0.0
NCBI_GCA903853925.1_Saccharibacteria_40.fna,90.69767441860465,0.0
NCBI_GCA903839515.1_Saccharibacteria_37.fna,90.69767441860465,2.3255813953488373
NCBI_GCA903839435.1_Saccharibacteria_37.fna,90.69767441860465,0.0
NCBI_GCA903819735.1_Saccharibacteria_42.fna,90.69767441860465,0.0
NCBI_GCA013333605.2_Absconditabacteria_36.fna,90.69767441860465,0.0
NCBI_GCA013333415.2_Saccharibacteria_41.fna,90.69767441860465,2.3255813953488373
NCBI_GCA013333205.2_Saccharibacteria_41.fna,90.69767441860465,2.3255813953488373
NCBI_GCA003543185.1_Gracilibacteria_31.fna,90.69767441860465,2.3255813953488373
JBCH_GD18_4_SO65_S178_Candidatus_Saccharibacteria_49_23.fna,90.69767441860465,0.0
IMG_2516143108_Saccharibacteria_51.fna,90.69767441860465,2.3255813953488373
IMG_2263196005_Absconditabacteria_36.fna,90.69767441860465,39.53488372093023
Genasci_Feb2018_S35_SO-1_Candidatus_Saccharibacteria_46_12.fna,90.69767441860465,0.0
GTDB_GCA004322265.1_Saccharibacteria_46.fna,90.69767441860465,2.3255813953488373
GTDB_GCA002426885.1_Gracilibacteria_43.fna,90.69767441860465,4.651162790697675
GTDB_GCA002413465.1_Saccharibacteria_54.fna,90.69767441860465,0.0
Candidatus_Saccharibacteria_bacterium_RIFCSPHIGHO2_01_FULL_49_21.fna,90.69767441860465,0.0
Campanaro2020_METABATAS27yjCOA208_Saccharibacteria_50.fna,90.69767441860465,0.0
CG_4_10_14_0_2_um_filter_Saccharibacteria_52_9_curated.fna,90.69767441860465,0.0
CG_4_10_14_0_2_um_filter_Candidatus_Saccharibacteria_52_9.fna,90.69767441860465,0.0
Bandla2020_GLV1604364_Saccharibacteria_50.fna,90.69767441860465,0.0
Bandla2020_GLV1604351_Saccharibacteria_43.fna,90.69767441860465,0.0
Alum_Rock_2019_MS4_BD1-5-probably_22_121.fna,90.69767441860465,0.0
Alum_Rock_2019_MS11_SR1_candidate_32_9.fna,90.69767441860465,4.651162790697675
Almeida2020_MGYGHGUT00376_Saccharibacteria_45.fna,90.69767441860465,0.0
AWTP-2_BAC_bulk_4_Saccharibacteria_55_19.fna,90.69767441860465,0.0
ACD3.fna,90.69767441860465,4.651162790697675
ph2015_02_Absconditabacteria_SR1_33_7_curated.fna,88.37209302325581,0.0
UBA7683.fna,88.37209302325581,0.0
Shaiber2019_GN02MAGIVB1_Gracilibacteria_25.fna,88.37209302325581,0.0
S_p2_S4_coassembly_Candidatus_Saccharibacteria_47_48.fna,88.37209302325581,2.3255813953488373
S_p2_S4_coassembly_Candidatus_Saccharibacteria_46_59.fna,88.37209302325581,0.0
RIFCSPLOWO2_01_FULL_Saccharibacteria_49_22.fna,88.37209302325581,0.0
RIFCSPHIGHO2_02_FULL_Saccharibacteria_47_12.fna,88.37209302325581,0.0
PATRIC_713054.8_Saccharibacteria_43.fna,88.37209302325581,0.0
PATRIC_2044595.21_Gracilibacteria_26.fna,88.37209302325581,0.0
PATRIC_2044595.19_Gracilibacteria_37.fna,88.37209302325581,41.86046511627907
PATRIC_2026720.66_Saccharibacteria_50.fna,88.37209302325581,0.0
PATRIC_2026720.65_Saccharibacteria_52.fna,88.37209302325581,6.976744186046512
PATRIC_2026720.5_Saccharibacteria_51.fna,88.37209302325581,2.3255813953488373
PATRIC_2026720.36_Saccharibacteria_46.fna,88.37209302325581,13.953488372093023
PATRIC_2026720.122_Saccharibacteria_42.fna,86.04651162790698,53.48837209302325
PATRIC_1953353.3_Saccharibacteria_52.fna,88.37209302325581,0.0
NCBI_GCA903925195.1_Saccharibacteria_36.fna,88.37209302325581,2.3255813953488373
NCBI_GCA903893275.1_Saccharibacteria_37.fna,88.37209302325581,9.30232558139535
NCBI_GCA903831385.1_Saccharibacteria_41.fna,88.37209302325581,16.27906976744186
NCBI_GCA013815785.1_Saccharibacteria_44.fna,88.37209302325581,0.0
NCBI_GCA013333405.2_Saccharibacteria_36.fna,86.04651162790698,0.0
NCBI_GCA013333295.2_Absconditabacteria_35.fna,88.37209302325581,0.0
NCBI_GCA013332965.2_Saccharibacteria_41.fna,88.37209302325581,2.3255813953488373
NCBI_GCA013332955.2_Saccharibacteria_41.fna,88.37209302325581,0.0
NCBI_GCA013316435.1_Saccharibacteria_45.fna,88.37209302325581,0.0
L1c2_Saccharibacteria_47_7.fna,88.37209302325581,0.0
JBCH_GD18_4_SO65_S178_Candidatus_Saccharibacteria_49_10.fna,86.04651162790698,0.0
JBCH_GD18_4_SO65_S178_Candidatus_Saccharibacteria_47_11.fna,88.37209302325581,2.3255813953488373
IMG_2622736556_Saccharibacteria_51.fna,88.37209302325581,0.0
H1c1_Saccharibacteria_TM7_50_9.fna,88.37209302325581,0.0
H1c1_Saccharibacteria_45_10.fna,88.37209302325581,0.0
GTDB_GCA002429485.1_Saccharibacteria_55.fna,88.37209302325581,0.0
GTDB_GCA002414185.1_Absconditabacteria_31.fna,88.37209302325581,0.0
GTDB_GCA002412935.1_Gracilibacteria_24.fna,86.04651162790698,0.0
GD2018-4_B1_QB3_180703_Candidatus_Saccharibacteria_49_9.fna,88.37209302325581,0.0
GD2017-2_S1_QB3_180125_Candidatus_Saccharibacteria_47_18.fna,88.37209302325581,0.0
GD2017-2_S1_QB3_180125_Candidatus_Saccharibacteria_46_10.fna,88.37209302325581,0.0
GD2017-1_S_p2_S4_Biohub_170907_Candidatus_Saccharibacteria_46_30.fna,88.37209302325581,0.0
E_GD2017-1_P0_An_pond3_S8_Biohub_170907_Saccharibacteria_42_308.fna,88.37209302325581,0.0
DOLJORAL78_BD1-5_24_7.fna,88.37209302325581,2.3255813953488373
Candidatus_Saccharibacteria_bacterium_RIFCSPLOWO2_01_FULL_49_22.fna,88.37209302325581,0.0
Candidatus_Saccharibacteria_bacterium_RIFCSPHIGHO2_02_FULL_47_12.fna,88.37209302325581,0.0
Campanaro2020_METABATAS27yjCOA140_Saccharibacteria_46.fna,88.37209302325581,0.0
Bandla2020_GLV1604357_Saccharibacteria_54.fna,88.37209302325581,0.0
Alum_Rock_2019_MS4_test_Gracili_bin_23_66.fna,88.37209302325581,4.651162790697675
ACD4.fna,88.37209302325581,0.0
pig_ID_1851_F40_2_Saccharibacteria_45_10.fna,86.04651162790698,0.0
baboon_AMB_017_Saccharibacteria_48_35.fna,86.04651162790698,0.0
baboon_AMB_014_Candidatus_Saccharibacteria_48_15.fna,86.04651162790698,0.0
baboon_AMB_007_Candidatus_Saccharibacteria_48_10.fna,86.04651162790698,0.0
UBA4123.fna,86.04651162790698,2.3255813953488373
Shaiber2020_ORALPCFBin00011_Absconditabacteria_36.fna,86.04651162790698,0.0
S_p1_S3_coassembly_Candidatus_Saccharibacteria_48_99.fna,86.04651162790698,0.0
SR2-18-Sp2_coassembly_Candidatus_Saccharibacteria_42_3.fna,86.04651162790698,0.0
SR2-17_Biohub_180515_Candidatus_Saccharibacteria_49_10.fna,86.04651162790698,0.0
SCN18_30_10_14_R1_B_Saccharibacteria_TM7_47_12.fna,86.04651162790698,0.0
PATRIC_713053.6_Saccharibacteria_42.fna,86.04651162790698,4.651162790697675
PATRIC_2026720.86_Saccharibacteria_54.fna,86.04651162790698,0.0
PATRIC_2026720.76_Saccharibacteria_44.fna,86.04651162790698,0.0
PATRIC_2026720.31_Saccharibacteria_47.fna,83.72093023255815,4.651162790697675
PATRIC_2026720.28_Saccharibacteria_48.fna,86.04651162790698,0.0
PATRIC_2026720.18_Saccharibacteria_45.fna,83.72093023255815,0.0
PATRIC_2026720.111_Saccharibacteria_51.fna,86.04651162790698,0.0
PATRIC_1953340.3_Saccharibacteria_47.fna,86.04651162790698,2.3255813953488373
PATRIC_1953335.3_Saccharibacteria_43.fna,86.04651162790698,0.0
NCBI_GCA903915375.1_Saccharibacteria_37.fna,86.04651162790698,2.3255813953488373
NCBI_GCA013333795.2_Saccharibacteria_48.fna,86.04651162790698,0.0
NCBI_GCA003519285.1_Gracilibacteria_31.fna,86.04651162790698,0.0
Montesol18_Bp1_Candidatus_Saccharibacteria_43_16.fna,86.04651162790698,0.0
Mehrshad2020_Modernmarinerockbiofilm.mb.100_Absconditabacteria_35.fna,86.04651162790698,4.651162790697675
IMG_2622736569_Saccharibacteria_55.fna,86.04651162790698,2.3255813953488373
H2c1_Saccharibacteria_49_6.fna,83.72093023255815,0.0
H1c2_Saccharibacteria_54_8.fna,86.04651162790698,0.0
GWA2_TM7_46_10.fna,86.04651162790698,2.3255813953488373
GTDB_GCA002429365.1_Saccharibacteria_54.fna,86.04651162790698,2.3255813953488373
GD2017-2_S1_QB3_180125_Candidatus_Saccharibacteria_50_8.fna,83.72093023255815,0.0
GD2017-1_S_p1_S3_Biohub_170907_Candidatus_Saccharibacteria_47_86.fna,86.04651162790698,6.976744186046512
E_GD2017-1_P0_An_GD2017L_S7_Biohub_170907_Saccharibacteria_52_20.fna,86.04651162790698,0.0
E_GD2017-1_P0_An_GD2017L_S7_Biohub_170907_Saccharibacteria_42_504.fna,86.04651162790698,0.0
DOLZORAL124_TM7_51_31.fna,86.04651162790698,0.0
CG_4_9_14_3_um_filter_150_SR1_40_9.fna,86.04651162790698,0.0
CG10_big_fil_rev_8_21_14_0_10_Saccharibacteria_47_8_curated.fna,81.3953488372093,0.0
CG10_big_fil_rev_8_21_14_0_10_CPR_Bacteria_47_8.fna,81.3953488372093,0.0
BJP_IG2069_TM7_related_41_6.fna,86.04651162790698,2.3255813953488373
AR_2015_2-01_Candidatus_Saccharibacteria_43_9_curated.fna,86.04651162790698,0.0
AR_2015_1-065_BD1-5_24_6_curated.fna,83.72093023255815,0.0
wastewater_Saccharibacteria_41_1.fna,83.72093023255815,0.0
viral-cat_Candidatus_Saccharibacteria_52_9.fna,83.72093023255815,0.0
viral-cat_Candidatus_Saccharibacteria_47_13.fna,83.72093023255815,2.3255813953488373
pig_ID_1851_F40_2_B2_Saccharibacteria_45_12.fna,83.72093023255815,0.0
baboon_AMB_015_Candidatus_Saccharibacteria_48_29.fna,83.72093023255815,0.0
baboon_AMB_008_Candidatus_Saccharibacteria_48_82.fna,83.72093023255815,0.0
UBA6022.fna,83.72093023255815,0.0
UBA5944.fna,83.72093023255815,9.30232558139535
UBA2952.fna,81.3953488372093,0.0
Shaiber2020_ORALTCMBin00011_Saccharibacteria_33.fna,83.72093023255815,0.0
Shaiber2020_ORALPDFBin00011_Saccharibacteria_48.fna,81.3953488372093,0.0
Shaiber2020_ORALPAFBin00012_Saccharibacteria_38.fna,83.72093023255815,0.0
Shaiber2019_SR1MAGIVA2_Absconditabacteria_38.fna,83.72093023255815,2.3255813953488373
Sage2_R_80_16_Saccharibacteria_173.fna,83.72093023255815,0.0
S_p1_S3_coassembly_Candidatus_Saccharibacteria_52_31.fna,83.72093023255815,2.3255813953488373
S_p1_S3_coassembly_Candidatus_Saccharibacteria_51_30.fna,83.72093023255815,0.0
RIFCSPHIGHO2_12_FULL_Saccharibacteria_48_21.fna,83.72093023255815,0.0
RIFCSPHIGHO2_12_FULL_Saccharibacteria_47_17.fna,81.3953488372093,0.0
PH2015_14_SR1_33_33.fna,83.72093023255815,0.0
PATRIC_2080848.5_Saccharibacteria_40.fna,83.72093023255815,0.0
PATRIC_2026720.97_Saccharibacteria_44.fna,81.3953488372093,0.0
PATRIC_2026720.80_Saccharibacteria_47.fna,83.72093023255815,0.0
PATRIC_2026720.72_Saccharibacteria_44.fna,83.72093023255815,0.0
PATRIC_2026720.32_Saccharibacteria_47.fna,83.72093023255815,0.0
PATRIC_2026720.14_Saccharibacteria_45.fna,83.72093023255815,0.0
PATRIC_2026720.117_Saccharibacteria_43.fna,83.72093023255815,2.3255813953488373
PATRIC_1953359.3_Saccharibacteria_49.fna,83.72093023255815,0.0
PATRIC_1953357.3_Saccharibacteria_51.fna,83.72093023255815,9.30232558139535
PATRIC_179883.5_Saccharibacteria_43.fna,83.72093023255815,0.0
PATRIC_1643353.28_Absconditabacteria_33.fna,83.72093023255815,0.0
NCBI_GCA903881855.1_Saccharibacteria_37.fna,83.72093023255815,0.0
NCBI_GCA903827495.1_Saccharibacteria_34.fna,81.3953488372093,0.0
NCBI_GCA003488725.1_Gracilibacteria_27.fna,83.72093023255815,0.0
Montesol18_Bp1_coassembly_Saccharibacteria_45_9.fna,83.72093023255815,0.0
Mehrshad2020_Modernmarine.mb.230_Absconditabacteria_34.fna,81.3953488372093,0.0
Mehrshad2020_Modernmarine.mb.142_Bacteria_37.fna,83.72093023255815,41.86046511627907
IMG_2236661026_Saccharibacteria_50.fna,81.3953488372093,2.3255813953488373
H1c2_Saccharibacteria_51_8.fna,83.72093023255815,2.3255813953488373
GTDB_GCA002361595.1_Absconditabacteria_30.fna,83.72093023255815,0.0
ERR2889262_Candidatus_Saccharibacteria_46_32.fna,83.72093023255815,0.0
D48_O6.fna,83.72093023255815,2.3255813953488373
Candidatus_Saccharibacteria_bacterium_RIFCSPHIGHO2_12_FULL_48_21.fna,83.72093023255815,0.0
Candidatus_Saccharibacteria_bacterium_RIFCSPHIGHO2_12_FULL_47_17.fna,81.3953488372093,0.0
Campanaro2020_METABATAS08sgBPME215_Saccharibacteria_47.fna,83.72093023255815,2.3255813953488373
CG_2015-04_CG_TM7_01-related_40_8_curated.fna,83.72093023255815,0.0
04302015_32_Saccharibacteria_50_10.fna,83.72093023255815,4.651162790697675
wastewater_Absconditabacteria_33_1_curated.fna,81.3953488372093,0.0
viral-cat_Candidatus_Saccharibacteria_45_11.fna,79.06976744186046,2.3255813953488373
pig_ID_1851_F40_2_B1_Saccharibacteria_45_18.fna,81.3953488372093,0.0
UBA1021.fna,81.3953488372093,2.3255813953488373
Shaiber2020_ORALPCMBin00022_Saccharibacteria_46.fna,81.3953488372093,6.976744186046512
Shaiber2020_ORALPBFBin00032_Absconditabacteria_39.fna,81.3953488372093,0.0
Sage1_L_60_16_Saccharibacteria_55_9.fna,79.06976744186046,0.0
S_2p5_S6_coassembly_Candidatus_Saccharibacteria_52_42.fna,79.06976744186046,0.0
S_2p5_S6_coassembly_Candidatus_Saccharibacteria_49_36.fna,81.3953488372093,0.0
SRR8890831_Candidatus_Saccharibacteria_55_56.fna,81.3953488372093,0.0
SRR7755431_Candidatus_Saccharibacteria_50_27.fna,79.06976744186046,0.0
RifSed_csp2_10ft_3_metabat_bin_373.fna,81.3953488372093,2.3255813953488373
QS_8_TM7_54_8.fna,81.3953488372093,0.0
PATRIC_2044595.24_Gracilibacteria_37.fna,79.06976744186046,2.3255813953488373
PATRIC_2044595.17_Gracilibacteria_42.fna,81.3953488372093,0.0
PATRIC_2026720.95_Saccharibacteria_48.fna,81.3953488372093,0.0
PATRIC_1953330.3_Saccharibacteria_45.fna,81.3953488372093,0.0
PATRIC_1130342.4_Gracilibacteria_23.fna,81.3953488372093,0.0
NCBI_GCA903826645.1_Saccharibacteria_37.fna,79.06976744186046,2.3255813953488373
NCBI_GCA903820205.1_Saccharibacteria_37.fna,81.3953488372093,0.0
NCBI_GCA014377575.1_Saccharibacteria_45.fna,81.3953488372093,11.627906976744185
NCBI_GCA014377245.1_Gracilibacteria_41.fna,81.3953488372093,0.0
NCBI_GCA003512235.1_Gracilibacteria_27.fna,79.06976744186046,0.0
NCBI_GCA003488625.1_Gracilibacteria_35.fna,79.06976744186046,0.0
Montesol18_Sp2_coassembly_Saccharibacteria_48_11.fna,81.3953488372093,0.0
L2c2_Candidatus_Saccharibacteria_48_7.fna,81.3953488372093,0.0
IMG_3300016254_Saccharibacteria_47.fna,79.06976744186046,0.0
IMG_2636415965_Gracilibacteria_26.fna,81.3953488372093,0.0
GD2017-1_S_p1_S3_Biohub_170907_Candidatus_Saccharibacteria_46_123.fna,79.06976744186046,0.0
D49_O6.fna,76.74418604651163,2.3255813953488373
D31_L19.fna,81.3953488372093,0.0
Candidatus_Saccharibacteria_bacterium_RIFCSPLOWO2_01_FULL_48_13.fna,81.3953488372093,0.0
Campanaro2020_METABATAS15tlH2ME213_Saccharibacteria_46.fna,76.74418604651163,2.3255813953488373
pig_ID_1851_F40_A1_Saccharibacteria_45_14.fna,79.06976744186046,0.0
baboon_AMB_019_Saccharibacteria_TM__48_36_48_36.fna,79.06976744186046,0.0
baboon_AMB_016_Saccharibacteria_48_259.fna,79.06976744186046,0.0
Zodletone_Water_assembly2018_SR1-candidate_27_11.fna,76.74418604651163,37.2093023255814
UBA669.fna,79.06976744186046,0.0
SR1_ACD80.fna,79.06976744186046,0.0
SEAL_HS2274O_TM7_47_3_9_partial.fna,79.06976744186046,0.0
SEAL_HS2274O_TM7_46_16_partial.fna,79.06976744186046,0.0
RIFCSPLOWO2_02_FULL_Saccharibacteria_46_7.fna,79.06976744186046,0.0
RIFCSPLOWO2_01_FULL_Saccharibacteria_48_13.fna,79.06976744186046,0.0
PATRIC_713054.7_Saccharibacteria_44.fna,76.74418604651163,0.0
PATRIC_713054.10_Saccharibacteria_42.fna,79.06976744186046,0.0
PATRIC_713053.3_Saccharibacteria_42.fna,79.06976744186046,0.0
PATRIC_2044595.20_Gracilibacteria_38.fna,79.06976744186046,0.0
PATRIC_2026720.23_Saccharibacteria_49.fna,76.74418604651163,2.3255813953488373
PATRIC_2026720.20_Saccharibacteria_45.fna,79.06976744186046,0.0
PATRIC_2026720.123_Saccharibacteria_45.fna,76.74418604651163,2.3255813953488373
PATRIC_2026720.121_Saccharibacteria_41.fna,76.74418604651163,32.55813953488372
PATRIC_1953360.3_Saccharibacteria_49.fna,76.74418604651163,0.0
PATRIC_1953318.3_Saccharibacteria_42.fna,79.06976744186046,0.0
NCBI_GCA900766845.1_Saccharibacteria_45.fna,79.06976744186046,0.0
NCBI_GCA003979435.2_Saccharibacteria_45.fna,76.74418604651163,0.0
JBCH_GD18_4_SO65_S178_Candidatus_Saccharibacteria_46_14.fna,79.06976744186046,0.0
IMG_2747842437_Gracilibacteria_24.fna,79.06976744186046,0.0
Genasci_Feb2018_S35_SO-1_Candidatus_Saccharibacteria_48_9.fna,79.06976744186046,0.0
DOLZORAL124_TM7_55_12.fna,79.06976744186046,0.0
AMB_024_Candidatus_Saccharibacteria_48_110.fna,79.06976744186046,2.3255813953488373
19_LumberBridge_sub10_Maybe_SR1_34_6.fna,79.06976744186046,0.0
spring2018soilphage_unknown_49_7.fna,76.74418604651163,4.651162790697675
pig_ID_1851_F40_A2_Saccharibacteria_45_13.fna,76.74418604651163,0.0
Shaiber2020_ORALTCMBin00012_Saccharibacteria_41.fna,74.4186046511628,0.0
SW_7_TM7_54_9.fna,72.09302325581395,2.3255813953488373
PATRIC_2044938.8_Absconditabacteria_33.fna,76.74418604651163,0.0
PATRIC_2026720.88_Saccharibacteria_49.fna,74.4186046511628,0.0
PATRIC_2026720.35_Saccharibacteria_49.fna,76.74418604651163,2.3255813953488373
NCBI_GCA903870285.1_Saccharibacteria_37.fna,74.4186046511628,2.3255813953488373
GD2017-2_S1_QB3_180125_Candidatus_Saccharibacteria_48_7.fna,74.4186046511628,0.0
GD2017-1_manure_QB3_180125_SR1_candidate_33_10.fna,76.74418604651163,0.0
GD2017-1_S_p2_S4_Biohub_170907_Candidatus_Saccharibacteria_47_26.fna,76.74418604651163,2.3255813953488373
GD2017-1_S_p1_S3_Biohub_170907_Candidatus_Saccharibacteria_48_53.fna,76.74418604651163,0.0
Candidatus_Saccharibacteria_bacterium_RIFCSPLOWO2_02_FULL_46_7.fna,76.74418604651163,0.0
CG_2015-15_SR1_plus_33_17.fna,76.74418604651163,13.953488372093023
AWTP-2_BAC_bulk_4_Saccharibacteria_51_18.fna,74.4186046511628,0.0
wastewater_possibly_Absconditabacteria_33_1.fna,74.4186046511628,0.0
viral-cat_Candidatus_Saccharibacteria_49_10.fna,72.09302325581395,0.0
Shaiber2020_ORALPAFMAG00015_Saccharibacteria_48.fna,72.09302325581395,2.3255813953488373
RIFCSPHIGHO2_12_FULL_Saccharibacteria_42_8.fna,72.09302325581395,0.0
PH2017_17_BER_D_A_full_SR-1_test_32_6.fna,74.4186046511628,2.3255813953488373
PATRIC_2044938.9_Absconditabacteria_34.fna,74.4186046511628,0.0
PATRIC_2044938.5_Absconditabacteria_32.fna,72.09302325581395,0.0
PATRIC_2026720.7_Saccharibacteria_50.fna,69.76744186046511,0.0
PATRIC_1974578.4_Gracilibacteria_38.fna,74.4186046511628,0.0
PATRIC_1917697.3_Saccharibacteria_52.fna,74.4186046511628,2.3255813953488373
NCBI_GCA013333845.2_Saccharibacteria_48.fna,72.09302325581395,2.3255813953488373
NCBI_GCA013333765.2_Saccharibacteria_52.fna,72.09302325581395,0.0
H1c1_Saccharibacteria_TM7_49_7.fna,74.4186046511628,2.3255813953488373
H1c1_Candidatus_Saccharibacteria_51_7.fna,72.09302325581395,6.976744186046512
Candidatus_Saccharibacteria_bacterium_RIFCSPHIGHO2_01_FULL_48_12.fna,74.4186046511628,0.0
Alum_Rock_2019_MS4_Code_25_test_23_84.fna,74.4186046511628,4.651162790697675
AGMB2_Candidatus_Saccharibacteria_47_48.fna,74.4186046511628,4.651162790697675
wastewater_Absconditabacteria_38_1.fna,72.09302325581395,0.0
viral-cat_Candidatus_Saccharibacteria_49_13.fna,69.76744186046511,0.0
viral-cat_Candidatus_Saccharibacteria_45_8.fna,69.76744186046511,2.3255813953488373
rattlesnake_spring_18_Saccharibacteria_46_7.fna,69.76744186046511,0.0
pig_ID_1473_F101_Saccharibacteria_45_8.fna,72.09302325581395,2.3255813953488373
Shaiber2020_ORALTCMBin00015_Saccharibacteria_41.fna,72.09302325581395,0.0
Shaiber2019_TM7MAGIIIA2_Saccharibacteria_49.fna,69.76744186046511,0.0
RIFCSPHIGHO2_01_FULL_Saccharibacteria_48_12.fna,72.09302325581395,0.0
PH2017_17_BER_D_A_filtered_SR1_candidate_32_6.fna,72.09302325581395,2.3255813953488373
PATRIC_2044938.10_Absconditabacteria_37.fna,72.09302325581395,0.0
PATRIC_1953380.3_Saccharibacteria_50.fna,69.76744186046511,0.0
NCBI_GCA903885205.1_Saccharibacteria_35.fna,69.76744186046511,0.0
NCBI_GCA903835375.1_Saccharibacteria_42.fna,69.76744186046511,0.0
NCBI_GCA903825335.1_Saccharibacteria_41.fna,72.09302325581395,2.3255813953488373
LAC_NA06_Candidatus_Saccharibacteria_40_6_curated.fna,69.76744186046511,0.0
H1c1_Candidatus_Saccharibacteria_46_9-see_note.fna,72.09302325581395,23.25581395348837
FFV18_Sp65_Saccharibacteria_43_8.fna,72.09302325581395,0.0
Candidatus_Saccharibacteria_bacterium_RIFCSPHIGHO2_12_FULL_42_8.fna,69.76744186046511,0.0
ACD2.fna,69.76744186046511,0.0
viral-cat_Candidatus_Saccharibacteria_46_8.fna,69.76744186046511,0.0
Zodletone_Water_assembly2018_SR1_candidate_31_16.fna,69.76744186046511,27.906976744186046
UBA6583.fna,67.44186046511628,0.0
UBA5946.fna,65.11627906976744,0.0
Shaiber2019_TM7MAGIIIC1_Saccharibacteria_53.fna,69.76744186046511,0.0
PH2017_20_SFW_D_A_filtered_SR1-candidate_25_11.fna,69.76744186046511,0.0
PH2017_19_SFW_U_A_filtered_SR1-candidate_31_69.fna,69.76744186046511,0.0
PATRIC_713049.5_Saccharibacteria_47.fna,69.76744186046511,0.0
PATRIC_2026720.74_Saccharibacteria_43.fna,69.76744186046511,0.0
PATRIC_2026720.24_Saccharibacteria_50.fna,62.7906976744186,0.0
PATRIC_1953336.3_Saccharibacteria_46.fna,65.11627906976744,0.0
NCBI_GCA903863145.1_Saccharibacteria_37.fna,69.76744186046511,0.0
IMG_2703719126_Saccharibacteria_54.fna,67.44186046511628,0.0
IMG_2236661021_Saccharibacteria_47.fna,69.76744186046511,0.0
CG_2015-02_Saccharibacteria_48_5_curated.fna,69.76744186046511,0.0
Bandla2020_GLV1604345_Saccharibacteria_49.fna,65.11627906976744,0.0
Zodletone_Water_assembly2018_SR1_test_30_15.fna,65.11627906976744,16.27906976744186
U2c2_Saccharibacteria_47_5.fna,65.11627906976744,0.0
SCNpilot_BF_INOC_TM7_47_4.fna,67.44186046511628,0.0
PH2017_20_SFW_D_A_filtered_BT2def_SR1_candidate_33_14.fna,67.44186046511628,0.0
PATRIC_713053.4_Saccharibacteria_41.fna,60.46511627906976,0.0
PATRIC_2044595.15_Gracilibacteria_24.fna,65.11627906976744,0.0
PATRIC_2026720.25_Saccharibacteria_51.fna,67.44186046511628,0.0
H1c2_Saccharibacteria_52_6.fna,65.11627906976744,0.0
GTDB_GCA002441085.1_Absconditabacteria_29.fna,65.11627906976744,2.3255813953488373
CG_4_10_14_0_8_um_filter_cor_Candidatus_Saccharibacteria_52_5_concot_9.fna,62.7906976744186,0.0
Shaiber2020_ORALPBMBin00030_Saccharibacteria_48.fna,58.139534883720934,0.0
Shaiber2020_ORALPAFBin00020_Gracilibacteria_26.fna,65.11627906976744,0.0
SR2-17_Biohub_180515_Candidatus_Saccharibacteria_47_6.fna,65.11627906976744,2.3255813953488373
SCN18_31_3_15_R5_B_Saccharibacteria_TM7_47_7.fna,65.11627906976744,0.0
RifSed_csp1_10ft_2_CONCOCT_77.fna,60.46511627906976,6.976744186046512
PRE2_SALIVA_Candidatus_Saccharibacteria_oral_taxon_TM7x_44_8.fna,65.11627906976744,2.3255813953488373
PH2017_20_SFW_D_A_full_SR1_candidate_34_15.fna,65.11627906976744,0.0
PH2015_19_Absconditabacteria_SR1_33_61.fna,65.11627906976744,0.0
PATRIC_713052.3_Saccharibacteria_34.fna,62.7906976744186,0.0
PATRIC_713051.3_Saccharibacteria_47.fna,62.7906976744186,4.651162790697675
PATRIC_2044595.29_Gracilibacteria_37.fna,65.11627906976744,4.651162790697675
PATRIC_2026720.34_Saccharibacteria_48.fna,60.46511627906976,0.0
PATRIC_2026720.21_Saccharibacteria_42.fna,62.7906976744186,2.3255813953488373
PATRIC_1953339.3_Saccharibacteria_48.fna,60.46511627906976,0.0
NCBI_GCA013334425.1_Saccharibacteria_44.fna,62.7906976744186,0.0
NCBI_GCA013333695.2_Saccharibacteria_51.fna,60.46511627906976,0.0
DOLZORAL124_TM7_45_3_partial.fna,65.11627906976744,4.651162790697675
UBA4663.fna,58.139534883720934,0.0
Shaiber2020_ORALPAFBin00021_Saccharibacteria_47.fna,58.139534883720934,0.0
S_2p5_S6_coassembly_Candidatus_Saccharibacteria_47_28.fna,60.46511627906976,0.0
RifSed_csp2_10ft_3_Maxbin2_310.fna,60.46511627906976,0.0
PATRIC_2044595.13_Gracilibacteria_23.fna,60.46511627906976,13.953488372093023
PATRIC_2026720.120_Saccharibacteria_42.fna,60.46511627906976,2.3255813953488373
PATRIC_1953343.3_Saccharibacteria_47.fna,58.139534883720934,0.0
PATRIC_1953310.3_Saccharibacteria_51.fna,55.81395348837209,0.0
NCBI_GCA903825835.1_Saccharibacteria_49.fna,58.139534883720934,0.0
IMG_2703719127_Saccharibacteria_49.fna,60.46511627906976,0.0
DOLZORAL124_TM7_45_28_partial.fna,60.46511627906976,0.0
CG_4_9_14_3_um_filter_150_CG_TM7_01_40_7_abawacaV1_656.fna,55.81395348837209,0.0
UBA6575.fna,55.81395348837209,0.0
TERM2_SALIVA_Candidatus_Saccharibacteria_oral_taxon_TM7x_43_78.fna,55.81395348837209,0.0
Shaiber2020_ORALTBFBin00011_Saccharibacteria_41.fna,55.81395348837209,0.0
PH2017_26_ELK_O_A_filtered_Candidate_SR1_34_6.fna,60.46511627906976,0.0
PATRIC_2044595.16_Gracilibacteria_27.fna,58.139534883720934,16.27906976744186
PATRIC_2044595.11_Gracilibacteria_24.fna,58.139534883720934,0.0
PATRIC_1986205.3_Saccharibacteria_48.fna,55.81395348837209,4.651162790697675
PATRIC_1970478.3_Saccharibacteria_50.fna,55.81395348837209,23.25581395348837
NCBI_GCA903864335.1_Saccharibacteria_37.fna,53.48837209302325,2.3255813953488373
NCBI_GCA014379985.1_Saccharibacteria_45.fna,53.48837209302325,0.0
L1c2_Candidatus_Saccharibacteria_megabin_50_5.fna,53.48837209302325,16.27906976744186
IMG_3300016329_Saccharibacteria_40.fna,53.48837209302325,0.0
GD2018-4_B1_QB3_180703_Candidatus_Saccharibacteria_46_6.fna,60.46511627906976,0.0
CG_4_10_14_0_8_um_filter_cor_CG_TM7_01_41_6_maxbin2_output_214.fna,58.139534883720934,0.0
viral-cat_Candidatus_Saccharibacteria_42_7.fna,55.81395348837209,0.0
UBA892.fna,51.162790697674424,0.0
Shaiber2020_ORALTCMBin00022_Saccharibacteria_35.fna,55.81395348837209,0.0
Sage1_L_80_16_Saccharibacteria_50_7.fna,55.81395348837209,0.0
PATRIC_1953322.3_Saccharibacteria_49.fna,51.162790697674424,0.0
PATRIC_1130343.3_Gracilibacteria_22.fna,58.139534883720934,0.0
PATRIC_1104584.3_Gracilibacteria_29.fna,55.81395348837209,0.0
NCBI_GCA903922195.1_Saccharibacteria_35.fna,53.48837209302325,0.0
YM_S32_Candidatus_Saccharibacteria_49_5.fna,51.162790697674424,2.3255813953488373
YL_S31_Candidatus_Saccharibacteria_50_5.fna,48.837209302325576,0.0
Shaiber2020_ORALPCMBin00016_Saccharibacteria_47.fna,48.837209302325576,0.0
Shaiber2020_ORALPCFBin00020_Saccharibacteria_44.fna,51.162790697674424,0.0
Shaiber2020_ORALPBFBin00037_Saccharibacteria_45.fna,51.162790697674424,0.0
PATRIC_713049.3_Saccharibacteria_48.fna,48.837209302325576,2.3255813953488373
NCBI_GCA903855305.1_Saccharibacteria_35.fna,48.837209302325576,0.0
NCBI_GCA903841575.1_Saccharibacteria_37.fna,51.162790697674424,0.0
JSantini_GMIN_Biofilm_TM7_genomes_41_7.fna,51.162790697674424,9.30232558139535
IMG_2636415966_Gracilibacteria_23.fna,48.837209302325576,0.0
baboon_AMB_002_Candidatus_Saccharibacteria_50_5.fna,51.162790697674424,0.0
YM_S32_Candidatus_Saccharimonas_49_6.fna,48.837209302325576,4.651162790697675
Shaiber2020_ORALTBFBin00010_Saccharibacteria_36.fna,48.837209302325576,0.0
Shaiber2019_SR1MAGIVA1_Absconditabacteria_36.fna,46.51162790697674,0.0
NCBI_GCA903827435.1_Saccharibacteria_37.fna,48.837209302325576,0.0
L3m1_Saccharibacteria_51_5.fna,51.162790697674424,2.3255813953488373
IMG_2747842439_Gracilibacteria_24.fna,51.162790697674424,0.0
YH_S30_Candidatus_Saccharibacteria_52_6.fna,48.837209302325576,0.0
Shaiber2020_ORALPAMBin00020_Saccharibacteria_45.fna,44.18604651162791,0.0
Shaiber2020_ORALPAMBin00015_Saccharibacteria_48.fna,44.18604651162791,0.0
PATRIC_2044938.6_Absconditabacteria_37.fna,48.837209302325576,4.651162790697675
PATRIC_2026720.90_Saccharibacteria_53.fna,44.18604651162791,0.0
PATRIC_2026720.67_Saccharibacteria_44.fna,44.18604651162791,6.976744186046512
PATRIC_2026720.29_Saccharibacteria_47.fna,44.18604651162791,0.0
Shaiber2020_ORALPCMBin00040_Saccharibacteria_51.fna,41.86046511627907,0.0
Shaiber2020_ORALPCFBin00028_Saccharibacteria_48.fna,37.2093023255814,0.0
Shaiber2020_ORALPAFBin00032_Saccharibacteria_48.fna,37.2093023255814,0.0
PATRIC_713054.4_Saccharibacteria_43.fna,37.2093023255814,0.0
PATRIC_2026720.39_Saccharibacteria_55.fna,39.53488372093023,0.0
PATRIC_1953371.3_Saccharibacteria_50.fna,39.53488372093023,0.0
PATRIC_1094954.4_Saccharibacteria_46.fna,41.86046511627907,0.0
NCBI_GCA014379635.1_Saccharibacteria_47.fna,37.2093023255814,0.0
NCBI_GCA014377005.1_Saccharibacteria_46.fna,39.53488372093023,2.3255813953488373
L3m2_Candidatus_Saccharibacteria_hint_49_4.fna,39.53488372093023,4.651162790697675
IMG_2660238802_Gracilibacteria_37.fna,39.53488372093023,2.3255813953488373
CG2_30_FULL_binning_Absconditabacteria_SR1_39_21.fna,41.86046511627907,0.0
wastewater_Candidatus_Saccharibacteria_46_1.fna,44.18604651162791,0.0
PATRIC_2026720.89_Saccharibacteria_55.fna,34.883720930232556,0.0
NCBI_GCA903877105.1_Saccharibacteria_34.fna,37.2093023255814,0.0
NCBI_GCA014380755.1_Saccharibacteria_62.fna,37.2093023255814,6.976744186046512
NCBI_GCA014378805.1_Saccharibacteria_43.fna,37.2093023255814,0.0
L2c2_Candidatus_Saccharibacteria_hint_48_5.fna,34.883720930232556,9.30232558139535
IMG_2636415964_Gracilibacteria_23.fna,41.86046511627907,0.0
Shaiber2020_ORALTBFBin00014_Saccharibacteria_36.fna,37.2093023255814,0.0
PH2017_26_ELK_O_A_full_SR1_candidate_34_7.fna,39.53488372093023,0.0
PATRIC_713055.3_Saccharibacteria_46.fna,34.883720930232556,0.0
PATRIC_713054.9_Saccharibacteria_44.fna,32.55813953488372,0.0
PATRIC_443342.3_Saccharibacteria_48.fna,39.53488372093023,2.3255813953488373
PATRIC_2044595.28_Gracilibacteria_43.fna,34.883720930232556,0.0
PATRIC_2026720.71_Saccharibacteria_43.fna,34.883720930232556,0.0
NCBI_GCA903854685.1_Saccharibacteria_37.fna,34.883720930232556,2.3255813953488373
IMG_2698536856_Saccharibacteria_41.fna,34.883720930232556,0.0
IMG_2654587682_Saccharibacteria_49.fna,39.53488372093023,2.3255813953488373
G2MB2_Candidatus_Saccharibacteria_hint_48_11.fna,41.86046511627907,16.27906976744186
PATRIC_2026720.87_Saccharibacteria_48.fna,30.23255813953488,0.0
PATRIC_1970477.4_Saccharibacteria_45.fna,37.2093023255814,2.3255813953488373
NCBI_GCA014378605.1_Saccharibacteria_62.fna,32.55813953488372,6.976744186046512
IMG_2687453673_Saccharibacteria_48.fna,37.2093023255814,0.0
IMG_2660238803_Gracilibacteria_37.fna,32.55813953488372,2.3255813953488373
IMG_2236661027_Saccharibacteria_41.fna,32.55813953488372,9.30232558139535
IMG_2236661025_Saccharibacteria_47.fna,32.55813953488372,0.0
GTDB_GCA002429375.1_Saccharibacteria_47.fna,32.55813953488372,0.0
PATRIC_713054.5_Saccharibacteria_44.fna,30.23255813953488,0.0
PATRIC_2026720.129_Saccharibacteria_45.fna,27.906976744186046,0.0
PATRIC_1953347.3_Saccharibacteria_49.fna,27.906976744186046,0.0
NCBI_GCA903891235.1_Saccharibacteria_34.fna,30.23255813953488,0.0
IMG_2660238808_Gracilibacteria_50.fna,34.883720930232556,2.3255813953488373
IMG_2648501560_Saccharibacteria_40.fna,27.906976744186046,0.0
G12MB16_Candidatus_Saccharibacteria_hint_48_17.fna,37.2093023255814,13.953488372093023
Zhang2019_BG230_Saccharibacteria_49.fna,25.581395348837212,0.0
PATRIC_713057.3_Saccharibacteria_48.fna,27.906976744186046,0.0
PATRIC_447456.3_Saccharibacteria_39.fna,30.23255813953488,4.651162790697675
PATRIC_1953342.3_Saccharibacteria_49.fna,27.906976744186046,0.0
NCBI_GCA903830385.1_Saccharibacteria_42.fna,27.906976744186046,0.0
IMG_3300016415_Saccharibacteria_33.fna,25.581395348837212,0.0
IMG_2687453674_Saccharibacteria_49.fna,27.906976744186046,0.0
Shaiber2020_ORALPAFBin00045_Saccharibacteria_52.fna,27.906976744186046,0.0
PATRIC_671231.6_Saccharibacteria_41.fna,25.581395348837212,0.0
PATRIC_447454.3_Saccharibacteria_34.fna,25.581395348837212,2.3255813953488373
NCBI_GCA014378875.1_Saccharibacteria_63.fna,25.581395348837212,2.3255813953488373
IMG_3300005376_Saccharibacteria_34.fna,25.581395348837212,2.3255813953488373
IMG_2698536857_Saccharibacteria_41.fna,25.581395348837212,0.0
NCBI_GCA014377745.1_Saccharibacteria_57.fna,23.25581395348837,2.3255813953488373
PATRIC_671231.4_Saccharibacteria_38.fna,20.930232558139537,0.0
PATRIC_671231.3_Saccharibacteria_38.fna,20.930232558139537,0.0
PH2017_19_SFW_U_A_full_SR1-candidate_34_16.fna,18.6046511627907,0.0
PATRIC_447455.6_Saccharibacteria_37.fna,18.6046511627907,0.0
IMG_2616644816_Gracilibacteria_49.fna,16.27906976744186,0.0
IMG_2713897473_Gracilibacteria_51.fna,11.627906976744185,0.0
IMG_2698536887_Gracilibacteria_42.fna,11.627906976744185,0.0
PATRIC_713053.5_Saccharibacteria_42.fna,9.30232558139535,0.0
PATRIC_2044595.34_Gracilibacteria_27.fna,9.30232558139535,0.0
IMG_3300016200_Saccharibacteria_46.fna,9.30232558139535,0.0
IMG_2706794940_Saccharibacteria_44.fna,9.30232558139535,0.0
Zhang2019_BG638_Gracilibacteria_72.fna,6.976744186046512,0.0
IMG_2710724160_Saccharibacteria_47.fna,6.976744186046512,0.0
IMG_2698536886_Gracilibacteria_40.fna,4.651162790697675,0.0
PATRIC_2053587.4_Saccharibacteria_52.fna,0.0,0.0
IMG_2708742512_Saccharibacteria_44.fna,0.0,0.0
